Ember_Lowe1178105044@cispeto.com,uqZvIas5eQ8Ygp5b,Ember,Lowe,6-107-410-1402,817-28-6371
Wade_Lewin974352880@kideod.biz,pULEBxVfTluLwK4i,Wade,Lewin,3-448-221-0836,231-03-8022
Manuel_Beal1243976883@eirey.tech,n2nMEYlfr5JPiaXF,Manuel,Beal,5-101-073-8513,537-33-2377
Jack_Mooney698363577@womeona.net,OiqG0wotzqbkVzw9,Jack,Mooney,5-630-021-2037,652-86-4720
Domenic_Wise1610856695@bretoux.com,dIsKUynENyd51p7d,Domenic,Wise,2-600-326-8224,166-62-3132
Wendy_Stone 774128322@bauros.biz,bYj8fMUEWpnfTGCy,Wendy,Stone ,0-184-757-2435,370-50-4621
Eduardo_Bloom605271051@dionrab.com,TF6gwAiFbjZQzCML,Eduardo,Bloom,6-038-262-6062,483-46-6573
Benny_Stuart38632060@brety.org,FHz08xaqPfcUjbdo,Benny,Stuart,2-828-702-6520,548-15-0372
Lorraine_Armstrong907748540@twipet.com,s7DtMZlN4qY35XRz,Lorraine,Armstrong,1-473-182-4611,726-55-3036
Amelia_Huggins1023082225@muall.tech,eior08K8C1vjAORO,Amelia,Huggins,5-108-863-0608,127-36-2386
Jackeline_Malone46197656@eirey.tech,2gZk2WGOZqLaORk2,Jackeline,Malone,5-728-804-4165,107-70-6661
Hope_Reid1576818883@fuliss.net,QNR2fitvmOAeVhLX,Hope,Reid,8-105-081-3286,472-37-7538

